id,nombre
99-4094901,Clarisse
26-6370584,Ludovico
52-7669688,Hunfredo
09-6282213,Stacie
98-6095003,Alison
97-1407392,Broddy
65-8192629,Bonni
04-1781862,Grenville
36-8995736,Shelby
82-1705092,Diane-marie
32-1677298,Celinka
18-4526273,Lalo
09-2503252,Karry
24-8238298,Jelene
89-4372466,Munmro
65-5729756,Mead
24-1068083,Daisi
69-9087468,Debi
14-8312422,Nonah
23-0714269,Rodrigo
93-6058074,Alden
87-0840678,Marchelle
04-3513015,Katee
77-1965576,Sawyere
13-9631853,Christin
07-1716470,Cristin
33-9247082,Ewan
04-5323286,Joelie
10-0019811,Tulley
65-9086309,Teddie
78-5459961,Chrystel
91-9571840,Joell
72-1063019,Andrus
98-4636124,Myrle
34-2320398,Patin
04-7509835,Lishe
19-7854964,Sheffield
44-3478985,Aurilia
04-2721911,Barth
90-3763598,Sharlene
93-3232477,Marylin
73-1937833,Hoebart
50-3148448,Shel
14-9023897,Karia
00-8314362,Ciro
58-3345781,Jozef
27-7801766,Perri
44-6549641,Amanda
87-7210605,Alley
66-1008276,Daveen
97-6655926,Heywood
79-3781698,Rutledge
15-2318490,Jenifer
86-2640869,Ryun
51-3662457,Heindrick
02-4260277,Emanuel
18-9731608,Consuela
81-6787276,Lezley
15-7972653,Waverley
36-5333346,Dianne
21-8439190,Chan
62-9191738,Tonnie
29-8881205,Fredek
52-4537395,Deane
36-7630517,Sunny
21-0517711,Jordan
69-0699283,Norma
99-3140169,Frankie
84-9995228,Roi
78-5368317,Tommy
35-6126375,Ulrick
43-5553068,Abie
35-1306564,Helena
04-7088264,Tomlin
16-5172594,Eli
10-0613342,Datha
99-7227153,Toddy
23-0049207,Kattie
22-5897994,Perkin
04-4510077,Gerald
14-7026110,Eveline
99-8664666,Luis
59-6399780,Wernher
85-1089220,Frederico
77-1986918,Olivier
69-4732589,Madison
44-3135439,Justine
33-4532106,Jilleen
62-4197235,Reynold
29-0623737,Nicolai
34-2007879,Rockie
81-7606557,Dennie
90-6094406,Ernestus
47-9054500,Wyatt
75-8118408,Nannette
58-8445429,Beryle
91-1361758,Collete
56-6267907,Hallie
31-2236475,Ray
29-7137664,Thaddeus
40-5159364,Laurena
43-8666961,Jone
08-3359811,Mina
40-5480729,Artair
64-9432037,Ody
85-2993638,Lucien
79-7972239,Herminia
56-5604977,Ardyce
53-5598738,Giulietta
95-3931114,Hilde
86-7566129,Brandyn
05-5140393,Dennis
65-8990277,Janith
81-2555816,Erich
32-7274154,Weidar
82-8733224,Carmelle
26-7750002,Maximilien
12-0301057,Bartholomeus
82-6624786,Rhetta
30-9696679,Calley
05-6134170,Gaylord
61-1074040,Thedrick
71-5393627,Svend
12-1816115,Leighton
13-3806571,Granny
94-4374770,Hans
18-4327173,Zacherie
50-9573003,Pegeen
33-0381277,Walker
75-8628421,Frieda
37-8092889,Nelson
60-2972643,Pennie
73-7638593,Diannne
25-0830003,Nickey
22-5211774,Nolly
09-6442939,Nevil
46-2060669,Christalle
12-1404658,Wallas
04-0135880,Twyla
70-8572197,Antoni
34-0256472,Carin
97-1323311,Hildagard
35-2698868,Mora
97-2136523,Zulema
80-2822904,Jill
58-3268041,Kristal
90-3827618,Otho
78-9151673,Rupert
70-8330847,Dmitri
38-7030185,Jocelyn
